{
	"credit": "Made with Blockbench",
	"textures": {
		"0": "custom/gift",
		"particle": "custom/gift"
	},
	"elements": [
		{
			"from": [0, 0, 0],
			"to": [16, 10, 16],
			"faces": {
				"north": {"uv": [7, 8.25, 10.5, 10.75], "texture": "#0"},
				"east": {"uv": [10.5, 8.25, 14, 10.75], "texture": "#0"},
				"south": {"uv": [0, 8.25, 3.5, 10.75], "texture": "#0"},
				"west": {"uv": [3.5, 8.25, 7, 10.75], "texture": "#0"},
				"up": {"uv": [3.5, 4.75, 7, 8.25], "texture": "#0"},
				"down": {"uv": [7, 4.75, 10.5, 8.25], "texture": "#0"}
			}
		}
	],
	"display": {
		"gui": {
			"rotation": [25, 45, 0],
			"translation": [80, 0, 0]
		}
	}
}