{
	"credit": "Made with Blockbench",
	"textures": {
		"0": "custom/gift",
		"particle": "custom/gift"
	},
	"elements": [
		{
			"from": [0, 0, 0],
			"to": [16, 10, 16],
			"faces": {
				"north": {"uv": [7, 8.25, 10.5, 10.75], "texture": "#0"},
				"east": {"uv": [10.5, 8.25, 14, 10.75], "texture": "#0"},
				"south": {"uv": [0, 8.25, 3.5, 10.75], "texture": "#0"},
				"west": {"uv": [3.5, 8.25, 7, 10.75], "texture": "#0"},
				"up": {"uv": [3.5, 4.75, 7, 8.25], "texture": "#0"},
				"down": {"uv": [7, 4.75, 10.5, 8.25], "texture": "#0"}
			}
		},
		{
			"from": [0, 10, 0],
			"to": [16, 16, 16],
			"faces": {
				"north": {"uv": [0, 3.5, 3.5, 4.75], "texture": "#0"},
				"east": {"uv": [10.5, 3.5, 14, 4.75], "texture": "#0"},
				"south": {"uv": [7, 3.5, 10.5, 4.75], "texture": "#0"},
				"west": {"uv": [3.5, 3.5, 7, 4.75], "texture": "#0"},
				"up": {"uv": [3.5, 0, 7, 3.5], "texture": "#0"},
				"down": {"uv": [7, 0, 10.5, 3.5], "texture": "#0"}
			}
		},
		{
			"from": [6.84762, 10, -1],
			"to": [9.15238, 16, 0],
			"faces": {
				"north": {"uv": [1.5, 3.5, 2, 4.75], "texture": "#0"},
				"east": {"uv": [1.5, 3.5, 1.75, 4.75], "texture": "#0"},
				"south": {"uv": [0, 0, 2.30476, 5], "texture": "#missing"},
				"west": {"uv": [1.75, 3.5, 2, 4.75], "texture": "#0"},
				"up": {"uv": [1.5, 3.5, 2, 3.75], "texture": "#0"},
				"down": {"uv": [1.5, 4.5, 2, 4.75], "texture": "#0"}
			}
		},
		{
			"from": [6.84762, 10, 16],
			"to": [9.15238, 16, 17],
			"faces": {
				"north": {"uv": [2.30476, 0, 0, 5], "texture": "#missing"},
				"east": {"uv": [8.75, 3.5, 8.5, 4.75], "texture": "#0"},
				"south": {"uv": [8.5, 3.5, 9, 4.75], "texture": "#0"},
				"west": {"uv": [9, 3.5, 8.75, 4.75], "texture": "#0"},
				"up": {"uv": [8.5, 3.5, 9, 3.75], "texture": "#0"},
				"down": {"uv": [1.5, 4.75, 2, 4.5], "texture": "#0"}
			}
		},
		{
			"from": [-1, 10, 6.84762],
			"to": [0, 16, 9.15238],
			"faces": {
				"north": {"uv": [5.25, 3.5, 5, 4.75], "texture": "#0"},
				"east": {"uv": [2.30476, 0, 0, 5], "texture": "#missing"},
				"south": {"uv": [5.5, 3.5, 5.25, 4.75], "texture": "#0"},
				"west": {"uv": [5, 3.5, 5.5, 4.75], "texture": "#0"},
				"up": {"uv": [5, 3.5, 5.5, 3.75], "rotation": 90, "texture": "#0"},
				"down": {"uv": [1.5, 4.75, 2, 4.5], "rotation": 270, "texture": "#0"}
			}
		},
		{
			"from": [16, 10, 6.84762],
			"to": [17, 16, 9.15238],
			"faces": {
				"north": {"uv": [12.25, 3.5, 12.5, 4.75], "texture": "#0"},
				"east": {"uv": [12, 3.5, 12.5, 4.75], "texture": "#0"},
				"south": {"uv": [12, 3.5, 12.25, 4.75], "texture": "#0"},
				"west": {"uv": [0, 0, 2.30476, 5], "texture": "#missing"},
				"up": {"uv": [12, 3.5, 12.5, 3.75], "rotation": 90, "texture": "#0"},
				"down": {"uv": [1.5, 4.5, 2, 4.75], "rotation": 270, "texture": "#0"}
			}
		},
		{
			"from": [9.15238, 16, 6.84762],
			"to": [16, 17, 9.15238],
			"faces": {
				"north": {"uv": [5.25, 2, 5.5, 3.5], "rotation": 90, "texture": "#0"},
				"east": {"uv": [3.5, 1.5, 3.75, 2], "rotation": 90, "texture": "#0"},
				"south": {"uv": [5, 2, 5.25, 3.5], "rotation": 90, "texture": "#0"},
				"west": {"uv": [0, 0, 2.30476, 5], "texture": "#missing"},
				"up": {"uv": [5, 2, 5.5, 3.5], "rotation": 90, "texture": "#0"},
				"down": {"uv": [1.5, 4.5, 2, 4.75], "rotation": 270, "texture": "#0"}
			}
		},
		{
			"from": [6.84762, 16, 0],
			"to": [9.15238, 17, 16],
			"faces": {
				"north": {"uv": [5, 3, 5.5, 3.25], "texture": "#0"},
				"east": {"uv": [5.25, 2, 5.5, 3.5], "rotation": 90, "texture": "#0"},
				"south": {"uv": [5, 0, 5.5, 0.25], "texture": "#0"},
				"west": {"uv": [5, 2, 5.25, 3.5], "rotation": 90, "texture": "#0"},
				"up": {"uv": [3.5, 1.5, 7, 2], "rotation": 90, "texture": "#0"},
				"down": {"uv": [1.5, 4.5, 2, 4.75], "rotation": 180, "texture": "#0"}
			}
		},
		{
			"from": [0, 16, 6.84762],
			"to": [6.84762, 17, 9.15238],
			"faces": {
				"north": {"uv": [5, 1.5, 5.25, 0], "rotation": 90, "texture": "#0"},
				"east": {"uv": [2.30476, 0, 0, 5], "texture": "#missing"},
				"south": {"uv": [5.25, 1.5, 5.5, 0], "rotation": 90, "texture": "#0"},
				"west": {"uv": [3.5, 1.5, 3.75, 2], "rotation": 90, "texture": "#0"},
				"up": {"uv": [5, 1.5, 5.5, 0], "rotation": 90, "texture": "#0"},
				"down": {"uv": [1.5, 4.75, 2, 4.5], "rotation": 270, "texture": "#0"}
			}
		}
	],
	"display": {
		"gui": {
			"rotation": [25, 45, 0],
			"translation": [80, 0, 0]
		}
	}
}