{
	"credit": "Made with Blockbench",
	"parent": "block/thin_block",
	"textures": {
		"bottom": "block/dirt",
		"side": "block/grass_block_snow",
		"texture": "block/snow",
		"particle": "block/snow"
	},
	"elements": [
		{
			"from": [0, 0, 0],
			"to": [0.25, 0.25, 0.25],
			"color": 5,
			"faces": {
				"north": {"uv": [0, 0, 0.25, 0.25], "texture": "#missing", "cullface": "north"},
				"east": {"uv": [0, 0, 0.25, 0.25], "texture": "#missing", "cullface": "east"},
				"south": {"uv": [0, 0, 0.25, 0.25], "texture": "#missing", "cullface": "south"},
				"west": {"uv": [0, 0, 0.25, 0.25], "texture": "#missing", "cullface": "west"},
				"up": {"uv": [0, 0, 0.25, 0.25], "texture": "#missing", "cullface": "up"},
				"down": {"uv": [0, 0, 0.25, 0.25], "texture": "#missing", "cullface": "down"}
			}
		},
		{
			"from": [0, 0, 0],
			"to": [16, 16, 16],
			"faces": {
				"north": {"uv": [0, 0, 16, 16], "texture": "#side", "cullface": "north"},
				"east": {"uv": [0, 0, 16, 16], "texture": "#side", "cullface": "east"},
				"south": {"uv": [0, 0, 16, 16], "texture": "#side", "cullface": "south"},
				"west": {"uv": [0, 0, 16, 16], "texture": "#side", "cullface": "west"},
				"up": {"uv": [0, 0, 16, 16], "texture": "#texture", "cullface": "up"},
				"down": {"uv": [0, 0, 16, 16], "texture": "#bottom", "cullface": "down"}
			}
		},
		{
			"from": [0, 16, 0],
			"to": [16, 16.08571, 16],
			"faces": {
				"north": {"uv": [0, 0, 16, 1], "texture": "#texture", "cullface": "up"},
				"east": {"uv": [0, 0, 16, 1], "texture": "#texture", "cullface": "up"},
				"south": {"uv": [0, 0, 16, 1], "texture": "#texture", "cullface": "up"},
				"west": {"uv": [0, 0, 16, 1], "texture": "#texture", "cullface": "up"},
				"up": {"uv": [0, 0, 16, 16], "texture": "#texture", "cullface": "up"},
				"down": {"uv": [0, 0, 16, 16], "texture": "#missing", "cullface": "down"}
			}
		}
	],
	"groups": [0, 1,
		{
			"name": "snow_height2",
			"origin": [8, 8, 8],
			"children": []
		}, 2]
}