{
	"credit": "Made with Blockbench",
	"textures": {
		"0": "block/snow",
		"particle": "block/snow"
	},
	"elements": [
		{
			"from": [2.04, 2.084, 0.832],
			"to": [8.312, 2.98, 4.416],
			"rotation": {"angle": 0, "axis": "y", "origin": [11, 16.42, 8]},
			"faces": {
				"north": {"uv": [0, 0, 3.5, 0.5], "texture": "#0"},
				"east": {"uv": [0, 0, 2, 0.5], "texture": "#0"},
				"west": {"uv": [0, 0, 2, 0.5], "texture": "#0"},
				"up": {"uv": [0, 0, 3.5, 2], "texture": "#0"},
				"down": {"uv": [0, 0, 3.5, 2], "texture": "#0"}
			}
		},
		{
			"from": [2.936, 2.98, 1.728],
			"to": [4.728, 3.876, 2.624],
			"rotation": {"angle": 0, "axis": "y", "origin": [11, 16.42, 8]},
			"faces": {
				"north": {"uv": [0, 0, 1, 0.5], "texture": "#0"},
				"east": {"uv": [0, 0, 0.5, 0.5], "texture": "#0"},
				"west": {"uv": [0, 0, 0.5, 0.5], "texture": "#0"},
				"up": {"uv": [0, 0, 1, 0.5], "texture": "#0"}
			}
		},
		{
			"from": [2.936, 2.98, 5.312],
			"to": [4.728, 3.876, 7.104],
			"rotation": {"angle": 0, "axis": "y", "origin": [11, 16.42, 8]},
			"faces": {
				"east": {"uv": [0, 0, 1, 0.5], "texture": "#0"},
				"south": {"uv": [0, 0, 1, 0.5], "texture": "#0"},
				"west": {"uv": [0, 0, 1, 0.5], "texture": "#0"},
				"up": {"uv": [0, 0, 1, 1], "texture": "#0"}
			}
		},
		{
			"from": [4.728, 2.98, 5.312],
			"to": [5.624, 3.876, 6.208],
			"rotation": {"angle": 0, "axis": "y", "origin": [11, 16.42, 8]},
			"faces": {
				"east": {"uv": [0, 0, 0.5, 0.5], "texture": "#0"},
				"south": {"uv": [0, 0, 0.5, 0.5], "texture": "#0"},
				"up": {"uv": [0, 0, 0.5, 0.5], "texture": "#0"}
			}
		},
		{
			"from": [2.04, 2.98, 3.52],
			"to": [2.936, 3.876, 6.208],
			"rotation": {"angle": 0, "axis": "y", "origin": [11, 16.42, 8]},
			"faces": {
				"north": {"uv": [0, 0, 0.5, 0.5], "texture": "#0"},
				"south": {"uv": [0, 0, 0.5, 0.5], "texture": "#0"},
				"west": {"uv": [0, 0, 1.5, 0.5], "texture": "#0"},
				"up": {"uv": [0, 0, 0.5, 1.5], "texture": "#0"}
			}
		},
		{
			"from": [2.936, 2.98, 2.624],
			"to": [6.52, 3.876, 5.312],
			"rotation": {"angle": 0, "axis": "y", "origin": [11, 16.42, 8]},
			"faces": {
				"north": {"uv": [0, 0, 2, 0.5], "texture": "#0"},
				"east": {"uv": [0, 0, 1.5, 0.5], "texture": "#0"},
				"south": {"uv": [0, 0, 2, 0.5], "texture": "#0"},
				"west": {"uv": [0, 0, 1.5, 0.5], "texture": "#0"},
				"up": {"uv": [0, 0, 2, 1.5], "texture": "#0"}
			}
		},
		{
			"from": [0.248, 2.084, 7.104],
			"to": [9.208, 2.98, 8],
			"rotation": {"angle": 0, "axis": "y", "origin": [11, 16.42, 8]},
			"faces": {
				"east": {"uv": [0, 0, 0.5, 0.5], "texture": "#0"},
				"south": {"uv": [0, 0, 5, 0.5], "texture": "#0"},
				"west": {"uv": [0, 0, 0.5, 0.5], "texture": "#0"},
				"up": {"uv": [0, 0, 5, 0.5], "texture": "#0"},
				"down": {"uv": [0, 0, 5, 0.5], "texture": "#0"}
			}
		},
		{
			"from": [2.936, 2.084, 8],
			"to": [6.52, 2.98, 8.896],
			"rotation": {"angle": 0, "axis": "y", "origin": [11, 16.42, 8]},
			"faces": {
				"east": {"uv": [0, 0, 0.5, 0.5], "texture": "#0"},
				"south": {"uv": [0, 0, 2, 0.5], "texture": "#0"},
				"west": {"uv": [0, 0, 0.5, 0.5], "texture": "#0"},
				"up": {"uv": [0, 0, 2, 0.5], "texture": "#0"},
				"down": {"uv": [0, 0, 2, 0.5], "texture": "#0"}
			}
		},
		{
			"from": [11.2, 2.06, 11.84],
			"to": [13.76, 2.7, 13.76],
			"rotation": {"angle": 0, "axis": "y", "origin": [8, 12.3, 8]},
			"faces": {
				"north": {"uv": [0, 0, 2, 0.5], "texture": "#0"},
				"east": {"uv": [0, 0, 0.5, 0.5], "texture": "#0"},
				"south": {"uv": [0, 0, 2, 0.5], "texture": "#0"},
				"west": {"uv": [0, 0, 0.5, 0.5], "texture": "#0"},
				"up": {"uv": [0, 0, 2, 1.5], "texture": "#0"},
				"down": {"uv": [0, 0, 2, 0.5], "texture": "#0"}
			}
		},
		{
			"from": [11.2, 2.06, 11.2],
			"to": [12.48, 2.7, 11.84],
			"rotation": {"angle": 0, "axis": "y", "origin": [8, 12.3, 8]},
			"faces": {
				"north": {"uv": [0, 0, 2, 0.5], "texture": "#0"},
				"east": {"uv": [0, 0, 0.5, 0.5], "texture": "#0"},
				"west": {"uv": [0, 0, 0.5, 0.5], "texture": "#0"},
				"up": {"uv": [0, 0, 1, 0.5], "texture": "#0"},
				"down": {"uv": [0, 0, 2, 0.5], "texture": "#0"}
			}
		},
		{
			"from": [11.2, 2.06, 13.76],
			"to": [13.12, 2.7, 14.4],
			"rotation": {"angle": 0, "axis": "y", "origin": [8, 12.3, 8]},
			"faces": {
				"east": {"uv": [0, 0, 0.5, 0.5], "texture": "#0"},
				"south": {"uv": [0, 0, 2, 0.5], "texture": "#0"},
				"west": {"uv": [0, 0, 0.5, 0.5], "texture": "#0"},
				"up": {"uv": [0, 0, 1.5, 0.5], "texture": "#0"},
				"down": {"uv": [0, 0, 2, 0.5], "texture": "#0"}
			}
		},
		{
			"from": [10.56, 2.06, 12.48],
			"to": [11.2, 2.7, 13.76],
			"rotation": {"angle": 0, "axis": "y", "origin": [8, 12.3, 8]},
			"faces": {
				"north": {"uv": [0, 0, 2, 0.5], "texture": "#0"},
				"south": {"uv": [0, 0, 2, 0.5], "texture": "#0"},
				"west": {"uv": [0, 0, 0.5, 0.5], "texture": "#0"},
				"up": {"uv": [0, 0, 0.5, 1], "texture": "#0"},
				"down": {"uv": [0, 0, 2, 0.5], "texture": "#0"}
			}
		},
		{
			"from": [0.248, 2.084, 1.728],
			"to": [2.04, 2.98, 4.416],
			"rotation": {"angle": 0, "axis": "y", "origin": [11, 16.42, 8]},
			"faces": {
				"north": {"uv": [0, 0, 1, 0.5], "texture": "#0"},
				"west": {"uv": [0, 0, 1.5, 0.5], "texture": "#0"},
				"up": {"uv": [0, 0, 1, 1.5], "texture": "#0"},
				"down": {"uv": [0, 0, 1, 1.5], "texture": "#0"}
			}
		},
		{
			"from": [-0.648, 2.084, 4.416],
			"to": [9.208, 2.98, 7.104],
			"rotation": {"angle": 0, "axis": "y", "origin": [11, 16.42, 8]},
			"faces": {
				"north": {"uv": [0, 0, 5.5, 0.5], "texture": "#0"},
				"east": {"uv": [0, 0, 1.5, 0.5], "texture": "#0"},
				"south": {"uv": [0, 0, 5.5, 0.5], "texture": "#0"},
				"west": {"uv": [0, 0, 1.5, 0.5], "texture": "#0", "cullface": "west"},
				"up": {"uv": [0, 0, 5.5, 1.5], "texture": "#0"},
				"down": {"uv": [0, 0, 5.5, 1.5], "texture": "#0"}
			}
		}
	]
}