{
	"credit": "Made with Blockbench",
	"textures": {
		"0": "custom/eternal_snow",
		"particle": "custom/eternal_snow"
	},
	"elements": [
		{
			"name": "eternal_snow_m_0",
			"from": [7, 0, 7.5],
			"to": [8, 1, 8.5],
			"rotation": {"angle": 0, "axis": "x", "origin": [8, 8, 0.5]},
			"faces": {
				"north": {"uv": [7, 0, 8, 1], "rotation": 180, "texture": "#0"},
				"east": {"uv": [7, 0, 8, 1], "rotation": 180, "texture": "#0"},
				"south": {"uv": [7, 1, 8, 0], "texture": "#0"},
				"west": {"uv": [7, 0, 8, 1], "rotation": 180, "texture": "#0"},
				"up": {"uv": [7, 0, 8, 1], "texture": "#0"},
				"down": {"uv": [8, 0, 7, 1], "rotation": 180, "texture": "#0"}
			}
		},
		{
			"name": "eternal_snow_m_1",
			"from": [5, 1, 7.5],
			"to": [6, 2, 8.5],
			"rotation": {"angle": 0, "axis": "x", "origin": [8, 8, 0.5]},
			"faces": {
				"north": {"uv": [5, 1, 6, 2], "rotation": 180, "texture": "#0"},
				"east": {"uv": [5, 1, 6, 2], "rotation": 180, "texture": "#0"},
				"south": {"uv": [5, 2, 6, 1], "texture": "#0"},
				"west": {"uv": [5, 1, 6, 2], "rotation": 180, "texture": "#0"},
				"up": {"uv": [5, 1, 6, 2], "texture": "#0"},
				"down": {"uv": [6, 1, 5, 2], "rotation": 180, "texture": "#0"}
			}
		},
		{
			"name": "eternal_snow_m_2",
			"from": [7, 1, 7.5],
			"to": [8, 2, 8.5],
			"rotation": {"angle": 0, "axis": "x", "origin": [8, 8, 0.5]},
			"faces": {
				"north": {"uv": [7, 1, 8, 2], "rotation": 180, "texture": "#0"},
				"east": {"uv": [7, 1, 8, 2], "rotation": 180, "texture": "#0"},
				"south": {"uv": [7, 2, 8, 1], "texture": "#0"},
				"west": {"uv": [7, 1, 8, 2], "rotation": 180, "texture": "#0"},
				"up": {"uv": [7, 1, 8, 2], "texture": "#0"},
				"down": {"uv": [8, 1, 7, 2], "rotation": 180, "texture": "#0"}
			}
		},
		{
			"name": "eternal_snow_m_3",
			"from": [9, 1, 7.5],
			"to": [10, 2, 8.5],
			"rotation": {"angle": 0, "axis": "x", "origin": [8, 8, 0.5]},
			"faces": {
				"north": {"uv": [9, 1, 10, 2], "rotation": 180, "texture": "#0"},
				"east": {"uv": [9, 1, 10, 2], "rotation": 180, "texture": "#0"},
				"south": {"uv": [9, 2, 10, 1], "texture": "#0"},
				"west": {"uv": [9, 1, 10, 2], "rotation": 180, "texture": "#0"},
				"up": {"uv": [9, 1, 10, 2], "texture": "#0"},
				"down": {"uv": [10, 1, 9, 2], "rotation": 180, "texture": "#0"}
			}
		},
		{
			"name": "eternal_snow_m_4",
			"from": [6, 2, 7.5],
			"to": [7, 3, 8.5],
			"rotation": {"angle": 0, "axis": "x", "origin": [8, 8, 0.5]},
			"faces": {
				"north": {"uv": [6, 2, 7, 3], "rotation": 180, "texture": "#0"},
				"east": {"uv": [6, 2, 7, 3], "rotation": 180, "texture": "#0"},
				"south": {"uv": [6, 3, 7, 2], "texture": "#0"},
				"west": {"uv": [6, 2, 7, 3], "rotation": 180, "texture": "#0"},
				"up": {"uv": [6, 2, 7, 3], "texture": "#0"},
				"down": {"uv": [7, 2, 6, 3], "rotation": 180, "texture": "#0"}
			}
		},
		{
			"name": "eternal_snow_m_5",
			"from": [7, 2, 7.5],
			"to": [8, 3, 8.5],
			"rotation": {"angle": 0, "axis": "x", "origin": [8, 8, 0.5]},
			"faces": {
				"north": {"uv": [7, 2, 8, 3], "rotation": 180, "texture": "#0"},
				"east": {"uv": [7, 2, 8, 3], "rotation": 180, "texture": "#0"},
				"south": {"uv": [7, 3, 8, 2], "texture": "#0"},
				"west": {"uv": [7, 2, 8, 3], "rotation": 180, "texture": "#0"},
				"up": {"uv": [7, 2, 8, 3], "texture": "#0"},
				"down": {"uv": [8, 2, 7, 3], "rotation": 180, "texture": "#0"}
			}
		},
		{
			"name": "eternal_snow_m_6",
			"from": [8, 2, 7.5],
			"to": [9, 3, 8.5],
			"rotation": {"angle": 0, "axis": "x", "origin": [8, 8, 0.5]},
			"faces": {
				"north": {"uv": [8, 2, 9, 3], "rotation": 180, "texture": "#0"},
				"east": {"uv": [8, 2, 9, 3], "rotation": 180, "texture": "#0"},
				"south": {"uv": [8, 3, 9, 2], "texture": "#0"},
				"west": {"uv": [8, 2, 9, 3], "rotation": 180, "texture": "#0"},
				"up": {"uv": [8, 2, 9, 3], "texture": "#0"},
				"down": {"uv": [9, 2, 8, 3], "rotation": 180, "texture": "#0"}
			}
		},
		{
			"name": "eternal_snow_m_7",
			"from": [7, 3, 7.5],
			"to": [8, 4, 8.5],
			"rotation": {"angle": 0, "axis": "x", "origin": [8, 8, 0.5]},
			"faces": {
				"north": {"uv": [7, 3, 8, 4], "rotation": 180, "texture": "#0"},
				"east": {"uv": [7, 3, 8, 4], "rotation": 180, "texture": "#0"},
				"south": {"uv": [7, 4, 8, 3], "texture": "#0"},
				"west": {"uv": [7, 3, 8, 4], "rotation": 180, "texture": "#0"},
				"up": {"uv": [7, 3, 8, 4], "texture": "#0"},
				"down": {"uv": [8, 3, 7, 4], "rotation": 180, "texture": "#0"}
			}
		},
		{
			"name": "eternal_snow_m_8",
			"from": [10, 3, 7.5],
			"to": [11, 4, 8.5],
			"rotation": {"angle": 0, "axis": "x", "origin": [8, 8, 0.5]},
			"faces": {
				"north": {"uv": [10, 3, 11, 4], "rotation": 180, "texture": "#0"},
				"east": {"uv": [10, 3, 11, 4], "rotation": 180, "texture": "#0"},
				"south": {"uv": [10, 4, 11, 3], "texture": "#0"},
				"west": {"uv": [10, 3, 11, 4], "rotation": 180, "texture": "#0"},
				"up": {"uv": [10, 3, 11, 4], "texture": "#0"},
				"down": {"uv": [11, 3, 10, 4], "rotation": 180, "texture": "#0"}
			}
		},
		{
			"name": "eternal_snow_m_9",
			"from": [4, 4, 7.5],
			"to": [5, 5, 8.5],
			"rotation": {"angle": 0, "axis": "x", "origin": [8, 8, 0.5]},
			"faces": {
				"north": {"uv": [4, 4, 5, 5], "rotation": 180, "texture": "#0"},
				"east": {"uv": [4, 4, 5, 5], "rotation": 180, "texture": "#0"},
				"south": {"uv": [4, 5, 5, 4], "texture": "#0"},
				"west": {"uv": [4, 4, 5, 5], "rotation": 180, "texture": "#0"},
				"up": {"uv": [4, 4, 5, 5], "texture": "#0"},
				"down": {"uv": [5, 4, 4, 5], "rotation": 180, "texture": "#0"}
			}
		},
		{
			"name": "eternal_snow_m_10",
			"from": [6, 4, 7.5],
			"to": [7, 5, 8.5],
			"rotation": {"angle": 0, "axis": "x", "origin": [8, 8, 0.5]},
			"faces": {
				"north": {"uv": [6, 4, 7, 5], "rotation": 180, "texture": "#0"},
				"east": {"uv": [6, 4, 7, 5], "rotation": 180, "texture": "#0"},
				"south": {"uv": [6, 5, 7, 4], "texture": "#0"},
				"west": {"uv": [6, 4, 7, 5], "rotation": 180, "texture": "#0"},
				"up": {"uv": [6, 4, 7, 5], "texture": "#0"},
				"down": {"uv": [7, 4, 6, 5], "rotation": 180, "texture": "#0"}
			}
		},
		{
			"name": "eternal_snow_m_11",
			"from": [7, 4, 7.5],
			"to": [8, 5, 8.5],
			"rotation": {"angle": 0, "axis": "x", "origin": [8, 8, 0.5]},
			"faces": {
				"north": {"uv": [7, 4, 8, 5], "rotation": 180, "texture": "#0"},
				"east": {"uv": [7, 4, 8, 5], "rotation": 180, "texture": "#0"},
				"south": {"uv": [7, 5, 8, 4], "texture": "#0"},
				"west": {"uv": [7, 4, 8, 5], "rotation": 180, "texture": "#0"},
				"up": {"uv": [7, 4, 8, 5], "texture": "#0"},
				"down": {"uv": [8, 4, 7, 5], "rotation": 180, "texture": "#0"}
			}
		},
		{
			"name": "eternal_snow_m_12",
			"from": [8, 4, 7.5],
			"to": [9, 5, 8.5],
			"rotation": {"angle": 0, "axis": "x", "origin": [8, 8, 0.5]},
			"faces": {
				"north": {"uv": [8, 4, 9, 5], "rotation": 180, "texture": "#0"},
				"east": {"uv": [8, 4, 9, 5], "rotation": 180, "texture": "#0"},
				"south": {"uv": [8, 5, 9, 4], "texture": "#0"},
				"west": {"uv": [8, 4, 9, 5], "rotation": 180, "texture": "#0"},
				"up": {"uv": [8, 4, 9, 5], "texture": "#0"},
				"down": {"uv": [9, 4, 8, 5], "rotation": 180, "texture": "#0"}
			}
		},
		{
			"name": "eternal_snow_m_13",
			"from": [10, 4, 7.5],
			"to": [11, 5, 8.5],
			"rotation": {"angle": 0, "axis": "x", "origin": [8, 8, 0.5]},
			"faces": {
				"north": {"uv": [10, 4, 11, 5], "rotation": 180, "texture": "#0"},
				"east": {"uv": [10, 4, 11, 5], "rotation": 180, "texture": "#0"},
				"south": {"uv": [10, 5, 11, 4], "texture": "#0"},
				"west": {"uv": [10, 4, 11, 5], "rotation": 180, "texture": "#0"},
				"up": {"uv": [10, 4, 11, 5], "texture": "#0"},
				"down": {"uv": [11, 4, 10, 5], "rotation": 180, "texture": "#0"}
			}
		},
		{
			"name": "eternal_snow_m_14",
			"from": [11, 4, 7.5],
			"to": [12, 5, 8.5],
			"rotation": {"angle": 0, "axis": "x", "origin": [8, 8, 0.5]},
			"faces": {
				"north": {"uv": [11, 4, 12, 5], "rotation": 180, "texture": "#0"},
				"east": {"uv": [11, 4, 12, 5], "rotation": 180, "texture": "#0"},
				"south": {"uv": [11, 5, 12, 4], "texture": "#0"},
				"west": {"uv": [11, 4, 12, 5], "rotation": 180, "texture": "#0"},
				"up": {"uv": [11, 4, 12, 5], "texture": "#0"},
				"down": {"uv": [12, 4, 11, 5], "rotation": 180, "texture": "#0"}
			}
		},
		{
			"name": "eternal_snow_m_15",
			"from": [3, 5, 7.5],
			"to": [4, 6, 8.5],
			"rotation": {"angle": 0, "axis": "x", "origin": [8, 8, 0.5]},
			"faces": {
				"north": {"uv": [3, 5, 4, 6], "rotation": 180, "texture": "#0"},
				"east": {"uv": [3, 5, 4, 6], "rotation": 180, "texture": "#0"},
				"south": {"uv": [3, 6, 4, 5], "texture": "#0"},
				"west": {"uv": [3, 5, 4, 6], "rotation": 180, "texture": "#0"},
				"up": {"uv": [3, 5, 4, 6], "texture": "#0"},
				"down": {"uv": [4, 5, 3, 6], "rotation": 180, "texture": "#0"}
			}
		},
		{
			"name": "eternal_snow_m_16",
			"from": [4, 5, 7.5],
			"to": [5, 6, 8.5],
			"rotation": {"angle": 0, "axis": "x", "origin": [8, 8, 0.5]},
			"faces": {
				"north": {"uv": [4, 5, 5, 6], "rotation": 180, "texture": "#0"},
				"east": {"uv": [4, 5, 5, 6], "rotation": 180, "texture": "#0"},
				"south": {"uv": [4, 6, 5, 5], "texture": "#0"},
				"west": {"uv": [4, 5, 5, 6], "rotation": 180, "texture": "#0"},
				"up": {"uv": [4, 5, 5, 6], "texture": "#0"},
				"down": {"uv": [5, 5, 4, 6], "rotation": 180, "texture": "#0"}
			}
		},
		{
			"name": "eternal_snow_m_17",
			"from": [7, 5, 7.5],
			"to": [8, 6, 8.5],
			"rotation": {"angle": 0, "axis": "x", "origin": [8, 8, 0.5]},
			"faces": {
				"north": {"uv": [7, 5, 8, 6], "rotation": 180, "texture": "#0"},
				"east": {"uv": [7, 5, 8, 6], "rotation": 180, "texture": "#0"},
				"south": {"uv": [7, 6, 8, 5], "texture": "#0"},
				"west": {"uv": [7, 5, 8, 6], "rotation": 180, "texture": "#0"},
				"up": {"uv": [7, 5, 8, 6], "texture": "#0"},
				"down": {"uv": [8, 5, 7, 6], "rotation": 180, "texture": "#0"}
			}
		},
		{
			"name": "eternal_snow_m_18",
			"from": [9, 5, 7.5],
			"to": [10, 6, 8.5],
			"rotation": {"angle": 0, "axis": "x", "origin": [8, 8, 0.5]},
			"faces": {
				"north": {"uv": [9, 5, 10, 6], "rotation": 180, "texture": "#0"},
				"east": {"uv": [9, 5, 10, 6], "rotation": 180, "texture": "#0"},
				"south": {"uv": [9, 6, 10, 5], "texture": "#0"},
				"west": {"uv": [9, 5, 10, 6], "rotation": 180, "texture": "#0"},
				"up": {"uv": [9, 5, 10, 6], "texture": "#0"},
				"down": {"uv": [10, 5, 9, 6], "rotation": 180, "texture": "#0"}
			}
		},
		{
			"name": "eternal_snow_m_19",
			"from": [14, 5, 7.5],
			"to": [15, 6, 8.5],
			"rotation": {"angle": 0, "axis": "x", "origin": [8, 8, 0.5]},
			"faces": {
				"north": {"uv": [14, 5, 15, 6], "rotation": 180, "texture": "#0"},
				"east": {"uv": [14, 5, 15, 6], "rotation": 180, "texture": "#0"},
				"south": {"uv": [14, 6, 15, 5], "texture": "#0"},
				"west": {"uv": [14, 5, 15, 6], "rotation": 180, "texture": "#0"},
				"up": {"uv": [14, 5, 15, 6], "texture": "#0"},
				"down": {"uv": [15, 5, 14, 6], "rotation": 180, "texture": "#0"}
			}
		},
		{
			"name": "eternal_snow_m_20",
			"from": [1, 6, 7.5],
			"to": [2, 7, 8.5],
			"rotation": {"angle": 0, "axis": "x", "origin": [8, 8, 0.5]},
			"faces": {
				"north": {"uv": [1, 6, 2, 7], "rotation": 180, "texture": "#0"},
				"east": {"uv": [1, 6, 2, 7], "rotation": 180, "texture": "#0"},
				"south": {"uv": [1, 7, 2, 6], "texture": "#0"},
				"west": {"uv": [1, 6, 2, 7], "rotation": 180, "texture": "#0"},
				"up": {"uv": [1, 6, 2, 7], "texture": "#0"},
				"down": {"uv": [2, 6, 1, 7], "rotation": 180, "texture": "#0"}
			}
		},
		{
			"name": "eternal_snow_m_21",
			"from": [5, 6, 7.5],
			"to": [6, 7, 8.5],
			"rotation": {"angle": 0, "axis": "x", "origin": [8, 8, 0.5]},
			"faces": {
				"north": {"uv": [5, 6, 6, 7], "rotation": 180, "texture": "#0"},
				"east": {"uv": [5, 6, 6, 7], "rotation": 180, "texture": "#0"},
				"south": {"uv": [5, 7, 6, 6], "texture": "#0"},
				"west": {"uv": [5, 6, 6, 7], "rotation": 180, "texture": "#0"},
				"up": {"uv": [5, 6, 6, 7], "texture": "#0"},
				"down": {"uv": [6, 6, 5, 7], "rotation": 180, "texture": "#0"}
			}
		},
		{
			"name": "eternal_snow_m_22",
			"from": [7, 6, 7.5],
			"to": [8, 7, 8.5],
			"rotation": {"angle": 0, "axis": "x", "origin": [8, 8, 0.5]},
			"faces": {
				"north": {"uv": [7, 6, 8, 7], "rotation": 180, "texture": "#0"},
				"east": {"uv": [7, 6, 8, 7], "rotation": 180, "texture": "#0"},
				"south": {"uv": [7, 7, 8, 6], "texture": "#0"},
				"west": {"uv": [7, 6, 8, 7], "rotation": 180, "texture": "#0"},
				"up": {"uv": [7, 6, 8, 7], "texture": "#0"},
				"down": {"uv": [8, 6, 7, 7], "rotation": 180, "texture": "#0"}
			}
		},
		{
			"name": "eternal_snow_m_23",
			"from": [8, 6, 7.5],
			"to": [9, 7, 8.5],
			"rotation": {"angle": 0, "axis": "x", "origin": [8, 8, 0.5]},
			"faces": {
				"north": {"uv": [8, 6, 9, 7], "rotation": 180, "texture": "#0"},
				"east": {"uv": [8, 6, 9, 7], "rotation": 180, "texture": "#0"},
				"south": {"uv": [8, 7, 9, 6], "texture": "#0"},
				"west": {"uv": [8, 6, 9, 7], "rotation": 180, "texture": "#0"},
				"up": {"uv": [8, 6, 9, 7], "texture": "#0"},
				"down": {"uv": [9, 6, 8, 7], "rotation": 180, "texture": "#0"}
			}
		},
		{
			"name": "eternal_snow_m_24",
			"from": [11, 6, 7.5],
			"to": [12, 7, 8.5],
			"rotation": {"angle": 0, "axis": "x", "origin": [8, 8, 0.5]},
			"faces": {
				"north": {"uv": [11, 6, 12, 7], "rotation": 180, "texture": "#0"},
				"east": {"uv": [11, 6, 12, 7], "rotation": 180, "texture": "#0"},
				"south": {"uv": [11, 7, 12, 6], "texture": "#0"},
				"west": {"uv": [11, 6, 12, 7], "rotation": 180, "texture": "#0"},
				"up": {"uv": [11, 6, 12, 7], "texture": "#0"},
				"down": {"uv": [12, 6, 11, 7], "rotation": 180, "texture": "#0"}
			}
		},
		{
			"name": "eternal_snow_m_25",
			"from": [13, 6, 7.5],
			"to": [14, 7, 8.5],
			"rotation": {"angle": 0, "axis": "x", "origin": [8, 8, 0.5]},
			"faces": {
				"north": {"uv": [13, 6, 14, 7], "rotation": 180, "texture": "#0"},
				"east": {"uv": [13, 6, 14, 7], "rotation": 180, "texture": "#0"},
				"south": {"uv": [13, 7, 14, 6], "texture": "#0"},
				"west": {"uv": [13, 6, 14, 7], "rotation": 180, "texture": "#0"},
				"up": {"uv": [13, 6, 14, 7], "texture": "#0"},
				"down": {"uv": [14, 6, 13, 7], "rotation": 180, "texture": "#0"}
			}
		},
		{
			"name": "eternal_snow_m_26",
			"from": [2, 7, 7.5],
			"to": [3, 8, 8.5],
			"rotation": {"angle": 0, "axis": "x", "origin": [8, 8, 0.5]},
			"faces": {
				"north": {"uv": [2, 7, 3, 8], "rotation": 180, "texture": "#0"},
				"east": {"uv": [2, 7, 3, 8], "rotation": 180, "texture": "#0"},
				"south": {"uv": [2, 8, 3, 7], "texture": "#0"},
				"west": {"uv": [2, 7, 3, 8], "rotation": 180, "texture": "#0"},
				"up": {"uv": [2, 7, 3, 8], "texture": "#0"},
				"down": {"uv": [3, 7, 2, 8], "rotation": 180, "texture": "#0"}
			}
		},
		{
			"name": "eternal_snow_m_27",
			"from": [4, 7, 7.5],
			"to": [5, 8, 8.5],
			"rotation": {"angle": 0, "axis": "x", "origin": [8, 8, 0.5]},
			"faces": {
				"north": {"uv": [4, 7, 5, 8], "rotation": 180, "texture": "#0"},
				"east": {"uv": [4, 7, 5, 8], "rotation": 180, "texture": "#0"},
				"south": {"uv": [4, 8, 5, 7], "texture": "#0"},
				"west": {"uv": [4, 7, 5, 8], "rotation": 180, "texture": "#0"},
				"up": {"uv": [4, 7, 5, 8], "texture": "#0"},
				"down": {"uv": [5, 7, 4, 8], "rotation": 180, "texture": "#0"}
			}
		},
		{
			"name": "eternal_snow_m_28",
			"from": [6, 7, 7.5],
			"to": [7, 8, 8.5],
			"rotation": {"angle": 0, "axis": "x", "origin": [8, 8, 0.5]},
			"faces": {
				"north": {"uv": [6, 7, 7, 8], "rotation": 180, "texture": "#0"},
				"east": {"uv": [6, 7, 7, 8], "rotation": 180, "texture": "#0"},
				"south": {"uv": [6, 8, 7, 7], "texture": "#0"},
				"west": {"uv": [6, 7, 7, 8], "rotation": 180, "texture": "#0"},
				"up": {"uv": [6, 7, 7, 8], "texture": "#0"},
				"down": {"uv": [7, 7, 6, 8], "rotation": 180, "texture": "#0"}
			}
		},
		{
			"name": "eternal_snow_m_29",
			"from": [7, 7, 7.5],
			"to": [8, 8, 8.5],
			"rotation": {"angle": 0, "axis": "x", "origin": [8, 8, 0.5]},
			"faces": {
				"north": {"uv": [7, 7, 8, 8], "rotation": 180, "texture": "#0"},
				"east": {"uv": [7, 7, 8, 8], "rotation": 180, "texture": "#0"},
				"south": {"uv": [7, 8, 8, 7], "texture": "#0"},
				"west": {"uv": [7, 7, 8, 8], "rotation": 180, "texture": "#0"},
				"up": {"uv": [7, 7, 8, 8], "texture": "#0"},
				"down": {"uv": [8, 7, 7, 8], "rotation": 180, "texture": "#0"}
			}
		},
		{
			"name": "eternal_snow_m_30",
			"from": [8, 7, 7.5],
			"to": [9, 8, 8.5],
			"rotation": {"angle": 0, "axis": "x", "origin": [8, 8, 0.5]},
			"faces": {
				"north": {"uv": [8, 7, 9, 8], "rotation": 180, "texture": "#0"},
				"east": {"uv": [8, 7, 9, 8], "rotation": 180, "texture": "#0"},
				"south": {"uv": [8, 8, 9, 7], "texture": "#0"},
				"west": {"uv": [8, 7, 9, 8], "rotation": 180, "texture": "#0"},
				"up": {"uv": [8, 7, 9, 8], "texture": "#0"},
				"down": {"uv": [9, 7, 8, 8], "rotation": 180, "texture": "#0"}
			}
		},
		{
			"name": "eternal_snow_m_31",
			"from": [9, 7, 7.5],
			"to": [10, 8, 8.5],
			"rotation": {"angle": 0, "axis": "x", "origin": [8, 8, 0.5]},
			"faces": {
				"north": {"uv": [9, 7, 10, 8], "rotation": 180, "texture": "#0"},
				"east": {"uv": [9, 7, 10, 8], "rotation": 180, "texture": "#0"},
				"south": {"uv": [9, 8, 10, 7], "texture": "#0"},
				"west": {"uv": [9, 7, 10, 8], "rotation": 180, "texture": "#0"},
				"up": {"uv": [9, 7, 10, 8], "texture": "#0"},
				"down": {"uv": [10, 7, 9, 8], "rotation": 180, "texture": "#0"}
			}
		},
		{
			"name": "eternal_snow_m_32",
			"from": [10, 7, 7.5],
			"to": [11, 8, 8.5],
			"rotation": {"angle": 0, "axis": "x", "origin": [8, 8, 0.5]},
			"faces": {
				"north": {"uv": [10, 7, 11, 8], "rotation": 180, "texture": "#0"},
				"east": {"uv": [10, 7, 11, 8], "rotation": 180, "texture": "#0"},
				"south": {"uv": [10, 8, 11, 7], "texture": "#0"},
				"west": {"uv": [10, 7, 11, 8], "rotation": 180, "texture": "#0"},
				"up": {"uv": [10, 7, 11, 8], "texture": "#0"},
				"down": {"uv": [11, 7, 10, 8], "rotation": 180, "texture": "#0"}
			}
		},
		{
			"name": "eternal_snow_m_33",
			"from": [11, 7, 7.5],
			"to": [12, 8, 8.5],
			"rotation": {"angle": 0, "axis": "x", "origin": [8, 8, 0.5]},
			"faces": {
				"north": {"uv": [11, 7, 12, 8], "rotation": 180, "texture": "#0"},
				"east": {"uv": [11, 7, 12, 8], "rotation": 180, "texture": "#0"},
				"south": {"uv": [11, 8, 12, 7], "texture": "#0"},
				"west": {"uv": [11, 7, 12, 8], "rotation": 180, "texture": "#0"},
				"up": {"uv": [11, 7, 12, 8], "texture": "#0"},
				"down": {"uv": [12, 7, 11, 8], "rotation": 180, "texture": "#0"}
			}
		},
		{
			"name": "eternal_snow_m_34",
			"from": [12, 7, 7.5],
			"to": [13, 8, 8.5],
			"rotation": {"angle": 0, "axis": "x", "origin": [8, 8, 0.5]},
			"faces": {
				"north": {"uv": [12, 7, 13, 8], "rotation": 180, "texture": "#0"},
				"east": {"uv": [12, 7, 13, 8], "rotation": 180, "texture": "#0"},
				"south": {"uv": [12, 8, 13, 7], "texture": "#0"},
				"west": {"uv": [12, 7, 13, 8], "rotation": 180, "texture": "#0"},
				"up": {"uv": [12, 7, 13, 8], "texture": "#0"},
				"down": {"uv": [13, 7, 12, 8], "rotation": 180, "texture": "#0"}
			}
		},
		{
			"name": "eternal_snow_m_35",
			"from": [13, 7, 7.5],
			"to": [14, 8, 8.5],
			"rotation": {"angle": 0, "axis": "x", "origin": [8, 8, 0.5]},
			"faces": {
				"north": {"uv": [13, 7, 14, 8], "rotation": 180, "texture": "#0"},
				"east": {"uv": [13, 7, 14, 8], "rotation": 180, "texture": "#0"},
				"south": {"uv": [13, 8, 14, 7], "texture": "#0"},
				"west": {"uv": [13, 7, 14, 8], "rotation": 180, "texture": "#0"},
				"up": {"uv": [13, 7, 14, 8], "texture": "#0"},
				"down": {"uv": [14, 7, 13, 8], "rotation": 180, "texture": "#0"}
			}
		},
		{
			"name": "eternal_snow_m_36",
			"from": [14, 7, 7.5],
			"to": [15, 8, 8.5],
			"rotation": {"angle": 0, "axis": "x", "origin": [8, 8, 0.5]},
			"faces": {
				"north": {"uv": [14, 7, 15, 8], "rotation": 180, "texture": "#0"},
				"east": {"uv": [14, 7, 15, 8], "rotation": 180, "texture": "#0"},
				"south": {"uv": [14, 8, 15, 7], "texture": "#0"},
				"west": {"uv": [14, 7, 15, 8], "rotation": 180, "texture": "#0"},
				"up": {"uv": [14, 7, 15, 8], "texture": "#0"},
				"down": {"uv": [15, 7, 14, 8], "rotation": 180, "texture": "#0"}
			}
		},
		{
			"name": "eternal_snow_m_37",
			"from": [15, 7, 7.5],
			"to": [16, 8, 8.5],
			"rotation": {"angle": 0, "axis": "x", "origin": [8, 8, 0.5]},
			"faces": {
				"north": {"uv": [15, 7, 16, 8], "rotation": 180, "texture": "#0"},
				"east": {"uv": [15, 7, 16, 8], "rotation": 180, "texture": "#0"},
				"south": {"uv": [15, 8, 16, 7], "texture": "#0"},
				"west": {"uv": [15, 7, 16, 8], "rotation": 180, "texture": "#0"},
				"up": {"uv": [15, 7, 16, 8], "texture": "#0"},
				"down": {"uv": [16, 7, 15, 8], "rotation": 180, "texture": "#0"}
			}
		},
		{
			"name": "eternal_snow_m_38",
			"from": [0, 8, 7.5],
			"to": [1, 9, 8.5],
			"rotation": {"angle": 0, "axis": "x", "origin": [8, 8, 0.5]},
			"faces": {
				"north": {"uv": [0, 8, 1, 9], "rotation": 180, "texture": "#0"},
				"east": {"uv": [0, 8, 1, 9], "rotation": 180, "texture": "#0"},
				"south": {"uv": [0, 9, 1, 8], "texture": "#0"},
				"west": {"uv": [0, 8, 1, 9], "rotation": 180, "texture": "#0"},
				"up": {"uv": [0, 8, 1, 9], "texture": "#0"},
				"down": {"uv": [1, 8, 0, 9], "rotation": 180, "texture": "#0"}
			}
		},
		{
			"name": "eternal_snow_m_39",
			"from": [1, 8, 7.5],
			"to": [2, 9, 8.5],
			"rotation": {"angle": 0, "axis": "x", "origin": [8, 8, 0.5]},
			"faces": {
				"north": {"uv": [1, 8, 2, 9], "rotation": 180, "texture": "#0"},
				"east": {"uv": [1, 8, 2, 9], "rotation": 180, "texture": "#0"},
				"south": {"uv": [1, 9, 2, 8], "texture": "#0"},
				"west": {"uv": [1, 8, 2, 9], "rotation": 180, "texture": "#0"},
				"up": {"uv": [1, 8, 2, 9], "texture": "#0"},
				"down": {"uv": [2, 8, 1, 9], "rotation": 180, "texture": "#0"}
			}
		},
		{
			"name": "eternal_snow_m_40",
			"from": [2, 8, 7.5],
			"to": [3, 9, 8.5],
			"rotation": {"angle": 0, "axis": "x", "origin": [8, 8, 0.5]},
			"faces": {
				"north": {"uv": [2, 8, 3, 9], "rotation": 180, "texture": "#0"},
				"east": {"uv": [2, 8, 3, 9], "rotation": 180, "texture": "#0"},
				"south": {"uv": [2, 9, 3, 8], "texture": "#0"},
				"west": {"uv": [2, 8, 3, 9], "rotation": 180, "texture": "#0"},
				"up": {"uv": [2, 8, 3, 9], "texture": "#0"},
				"down": {"uv": [3, 8, 2, 9], "rotation": 180, "texture": "#0"}
			}
		},
		{
			"name": "eternal_snow_m_41",
			"from": [3, 8, 7.5],
			"to": [4, 9, 8.5],
			"rotation": {"angle": 0, "axis": "x", "origin": [8, 8, 0.5]},
			"faces": {
				"north": {"uv": [3, 8, 4, 9], "rotation": 180, "texture": "#0"},
				"east": {"uv": [3, 8, 4, 9], "rotation": 180, "texture": "#0"},
				"south": {"uv": [3, 9, 4, 8], "texture": "#0"},
				"west": {"uv": [3, 8, 4, 9], "rotation": 180, "texture": "#0"},
				"up": {"uv": [3, 8, 4, 9], "texture": "#0"},
				"down": {"uv": [4, 8, 3, 9], "rotation": 180, "texture": "#0"}
			}
		},
		{
			"name": "eternal_snow_m_42",
			"from": [4, 8, 7.5],
			"to": [5, 9, 8.5],
			"rotation": {"angle": 0, "axis": "x", "origin": [8, 8, 0.5]},
			"faces": {
				"north": {"uv": [4, 8, 5, 9], "rotation": 180, "texture": "#0"},
				"east": {"uv": [4, 8, 5, 9], "rotation": 180, "texture": "#0"},
				"south": {"uv": [4, 9, 5, 8], "texture": "#0"},
				"west": {"uv": [4, 8, 5, 9], "rotation": 180, "texture": "#0"},
				"up": {"uv": [4, 8, 5, 9], "texture": "#0"},
				"down": {"uv": [5, 8, 4, 9], "rotation": 180, "texture": "#0"}
			}
		},
		{
			"name": "eternal_snow_m_43",
			"from": [5, 8, 7.5],
			"to": [6, 9, 8.5],
			"rotation": {"angle": 0, "axis": "x", "origin": [8, 8, 0.5]},
			"faces": {
				"north": {"uv": [5, 8, 6, 9], "rotation": 180, "texture": "#0"},
				"east": {"uv": [5, 8, 6, 9], "rotation": 180, "texture": "#0"},
				"south": {"uv": [5, 9, 6, 8], "texture": "#0"},
				"west": {"uv": [5, 8, 6, 9], "rotation": 180, "texture": "#0"},
				"up": {"uv": [5, 8, 6, 9], "texture": "#0"},
				"down": {"uv": [6, 8, 5, 9], "rotation": 180, "texture": "#0"}
			}
		},
		{
			"name": "eternal_snow_m_44",
			"from": [6, 8, 7.5],
			"to": [7, 9, 8.5],
			"rotation": {"angle": 0, "axis": "x", "origin": [8, 8, 0.5]},
			"faces": {
				"north": {"uv": [6, 8, 7, 9], "rotation": 180, "texture": "#0"},
				"east": {"uv": [6, 8, 7, 9], "rotation": 180, "texture": "#0"},
				"south": {"uv": [6, 9, 7, 8], "texture": "#0"},
				"west": {"uv": [6, 8, 7, 9], "rotation": 180, "texture": "#0"},
				"up": {"uv": [6, 8, 7, 9], "texture": "#0"},
				"down": {"uv": [7, 8, 6, 9], "rotation": 180, "texture": "#0"}
			}
		},
		{
			"name": "eternal_snow_m_45",
			"from": [7, 8, 7.5],
			"to": [8, 9, 8.5],
			"rotation": {"angle": 0, "axis": "x", "origin": [8, 8, 0.5]},
			"faces": {
				"north": {"uv": [7, 8, 8, 9], "rotation": 180, "texture": "#0"},
				"east": {"uv": [7, 8, 8, 9], "rotation": 180, "texture": "#0"},
				"south": {"uv": [7, 9, 8, 8], "texture": "#0"},
				"west": {"uv": [7, 8, 8, 9], "rotation": 180, "texture": "#0"},
				"up": {"uv": [7, 8, 8, 9], "texture": "#0"},
				"down": {"uv": [8, 8, 7, 9], "rotation": 180, "texture": "#0"}
			}
		},
		{
			"name": "eternal_snow_m_46",
			"from": [8, 8, 7.5],
			"to": [9, 9, 8.5],
			"rotation": {"angle": 0, "axis": "x", "origin": [8, 8, 0.5]},
			"faces": {
				"north": {"uv": [8, 8, 9, 9], "rotation": 180, "texture": "#0"},
				"east": {"uv": [8, 8, 9, 9], "rotation": 180, "texture": "#0"},
				"south": {"uv": [8, 9, 9, 8], "texture": "#0"},
				"west": {"uv": [8, 8, 9, 9], "rotation": 180, "texture": "#0"},
				"up": {"uv": [8, 8, 9, 9], "texture": "#0"},
				"down": {"uv": [9, 8, 8, 9], "rotation": 180, "texture": "#0"}
			}
		},
		{
			"name": "eternal_snow_m_47",
			"from": [9, 8, 7.5],
			"to": [10, 9, 8.5],
			"rotation": {"angle": 0, "axis": "x", "origin": [8, 8, 0.5]},
			"faces": {
				"north": {"uv": [9, 8, 10, 9], "rotation": 180, "texture": "#0"},
				"east": {"uv": [9, 8, 10, 9], "rotation": 180, "texture": "#0"},
				"south": {"uv": [9, 9, 10, 8], "texture": "#0"},
				"west": {"uv": [9, 8, 10, 9], "rotation": 180, "texture": "#0"},
				"up": {"uv": [9, 8, 10, 9], "texture": "#0"},
				"down": {"uv": [10, 8, 9, 9], "rotation": 180, "texture": "#0"}
			}
		},
		{
			"name": "eternal_snow_m_48",
			"from": [11, 8, 7.5],
			"to": [12, 9, 8.5],
			"rotation": {"angle": 0, "axis": "x", "origin": [8, 8, 0.5]},
			"faces": {
				"north": {"uv": [11, 8, 12, 9], "rotation": 180, "texture": "#0"},
				"east": {"uv": [11, 8, 12, 9], "rotation": 180, "texture": "#0"},
				"south": {"uv": [11, 9, 12, 8], "texture": "#0"},
				"west": {"uv": [11, 8, 12, 9], "rotation": 180, "texture": "#0"},
				"up": {"uv": [11, 8, 12, 9], "texture": "#0"},
				"down": {"uv": [12, 8, 11, 9], "rotation": 180, "texture": "#0"}
			}
		},
		{
			"name": "eternal_snow_m_49",
			"from": [13, 8, 7.5],
			"to": [14, 9, 8.5],
			"rotation": {"angle": 0, "axis": "x", "origin": [8, 8, 0.5]},
			"faces": {
				"north": {"uv": [13, 8, 14, 9], "rotation": 180, "texture": "#0"},
				"east": {"uv": [13, 8, 14, 9], "rotation": 180, "texture": "#0"},
				"south": {"uv": [13, 9, 14, 8], "texture": "#0"},
				"west": {"uv": [13, 8, 14, 9], "rotation": 180, "texture": "#0"},
				"up": {"uv": [13, 8, 14, 9], "texture": "#0"},
				"down": {"uv": [14, 8, 13, 9], "rotation": 180, "texture": "#0"}
			}
		},
		{
			"name": "eternal_snow_m_50",
			"from": [2, 9, 7.5],
			"to": [3, 10, 8.5],
			"rotation": {"angle": 0, "axis": "x", "origin": [8, 8, 0.5]},
			"faces": {
				"north": {"uv": [2, 9, 3, 10], "rotation": 180, "texture": "#0"},
				"east": {"uv": [2, 9, 3, 10], "rotation": 180, "texture": "#0"},
				"south": {"uv": [2, 10, 3, 9], "texture": "#0"},
				"west": {"uv": [2, 9, 3, 10], "rotation": 180, "texture": "#0"},
				"up": {"uv": [2, 9, 3, 10], "texture": "#0"},
				"down": {"uv": [3, 9, 2, 10], "rotation": 180, "texture": "#0"}
			}
		},
		{
			"name": "eternal_snow_m_51",
			"from": [4, 9, 7.5],
			"to": [5, 10, 8.5],
			"rotation": {"angle": 0, "axis": "x", "origin": [8, 8, 0.5]},
			"faces": {
				"north": {"uv": [4, 9, 5, 10], "rotation": 180, "texture": "#0"},
				"east": {"uv": [4, 9, 5, 10], "rotation": 180, "texture": "#0"},
				"south": {"uv": [4, 10, 5, 9], "texture": "#0"},
				"west": {"uv": [4, 9, 5, 10], "rotation": 180, "texture": "#0"},
				"up": {"uv": [4, 9, 5, 10], "texture": "#0"},
				"down": {"uv": [5, 9, 4, 10], "rotation": 180, "texture": "#0"}
			}
		},
		{
			"name": "eternal_snow_m_52",
			"from": [7, 9, 7.5],
			"to": [8, 10, 8.5],
			"rotation": {"angle": 0, "axis": "x", "origin": [8, 8, 0.5]},
			"faces": {
				"north": {"uv": [7, 9, 8, 10], "rotation": 180, "texture": "#0"},
				"east": {"uv": [7, 9, 8, 10], "rotation": 180, "texture": "#0"},
				"south": {"uv": [7, 10, 8, 9], "texture": "#0"},
				"west": {"uv": [7, 9, 8, 10], "rotation": 180, "texture": "#0"},
				"up": {"uv": [7, 9, 8, 10], "texture": "#0"},
				"down": {"uv": [8, 9, 7, 10], "rotation": 180, "texture": "#0"}
			}
		},
		{
			"name": "eternal_snow_m_53",
			"from": [8, 9, 7.5],
			"to": [9, 10, 8.5],
			"rotation": {"angle": 0, "axis": "x", "origin": [8, 8, 0.5]},
			"faces": {
				"north": {"uv": [8, 9, 9, 10], "rotation": 180, "texture": "#0"},
				"east": {"uv": [8, 9, 9, 10], "rotation": 180, "texture": "#0"},
				"south": {"uv": [8, 10, 9, 9], "texture": "#0"},
				"west": {"uv": [8, 9, 9, 10], "rotation": 180, "texture": "#0"},
				"up": {"uv": [8, 9, 9, 10], "texture": "#0"},
				"down": {"uv": [9, 9, 8, 10], "rotation": 180, "texture": "#0"}
			}
		},
		{
			"name": "eternal_snow_m_54",
			"from": [10, 9, 7.5],
			"to": [11, 10, 8.5],
			"rotation": {"angle": 0, "axis": "x", "origin": [8, 8, 0.5]},
			"faces": {
				"north": {"uv": [10, 9, 11, 10], "rotation": 180, "texture": "#0"},
				"east": {"uv": [10, 9, 11, 10], "rotation": 180, "texture": "#0"},
				"south": {"uv": [10, 10, 11, 9], "texture": "#0"},
				"west": {"uv": [10, 9, 11, 10], "rotation": 180, "texture": "#0"},
				"up": {"uv": [10, 9, 11, 10], "texture": "#0"},
				"down": {"uv": [11, 9, 10, 10], "rotation": 180, "texture": "#0"}
			}
		},
		{
			"name": "eternal_snow_m_55",
			"from": [14, 9, 7.5],
			"to": [15, 10, 8.5],
			"rotation": {"angle": 0, "axis": "x", "origin": [8, 8, 0.5]},
			"faces": {
				"north": {"uv": [14, 9, 15, 10], "rotation": 180, "texture": "#0"},
				"east": {"uv": [14, 9, 15, 10], "rotation": 180, "texture": "#0"},
				"south": {"uv": [14, 10, 15, 9], "texture": "#0"},
				"west": {"uv": [14, 9, 15, 10], "rotation": 180, "texture": "#0"},
				"up": {"uv": [14, 9, 15, 10], "texture": "#0"},
				"down": {"uv": [15, 9, 14, 10], "rotation": 180, "texture": "#0"}
			}
		},
		{
			"name": "eternal_snow_m_56",
			"from": [1, 10, 7.5],
			"to": [2, 11, 8.5],
			"rotation": {"angle": 0, "axis": "x", "origin": [8, 8, 0.5]},
			"faces": {
				"north": {"uv": [1, 10, 2, 11], "rotation": 180, "texture": "#0"},
				"east": {"uv": [1, 10, 2, 11], "rotation": 180, "texture": "#0"},
				"south": {"uv": [1, 11, 2, 10], "texture": "#0"},
				"west": {"uv": [1, 10, 2, 11], "rotation": 180, "texture": "#0"},
				"up": {"uv": [1, 10, 2, 11], "texture": "#0"},
				"down": {"uv": [2, 10, 1, 11], "rotation": 180, "texture": "#0"}
			}
		},
		{
			"name": "eternal_snow_m_57",
			"from": [6, 10, 7.5],
			"to": [7, 11, 8.5],
			"rotation": {"angle": 0, "axis": "x", "origin": [8, 8, 0.5]},
			"faces": {
				"north": {"uv": [6, 10, 7, 11], "rotation": 180, "texture": "#0"},
				"east": {"uv": [6, 10, 7, 11], "rotation": 180, "texture": "#0"},
				"south": {"uv": [6, 11, 7, 10], "texture": "#0"},
				"west": {"uv": [6, 10, 7, 11], "rotation": 180, "texture": "#0"},
				"up": {"uv": [6, 10, 7, 11], "texture": "#0"},
				"down": {"uv": [7, 10, 6, 11], "rotation": 180, "texture": "#0"}
			}
		},
		{
			"name": "eternal_snow_m_58",
			"from": [8, 10, 7.5],
			"to": [9, 11, 8.5],
			"rotation": {"angle": 0, "axis": "x", "origin": [8, 8, 0.5]},
			"faces": {
				"north": {"uv": [8, 10, 9, 11], "rotation": 180, "texture": "#0"},
				"east": {"uv": [8, 10, 9, 11], "rotation": 180, "texture": "#0"},
				"south": {"uv": [8, 11, 9, 10], "texture": "#0"},
				"west": {"uv": [8, 10, 9, 11], "rotation": 180, "texture": "#0"},
				"up": {"uv": [8, 10, 9, 11], "texture": "#0"},
				"down": {"uv": [9, 10, 8, 11], "rotation": 180, "texture": "#0"}
			}
		},
		{
			"name": "eternal_snow_m_59",
			"from": [11, 10, 7.5],
			"to": [12, 11, 8.5],
			"rotation": {"angle": 0, "axis": "x", "origin": [8, 8, 0.5]},
			"faces": {
				"north": {"uv": [11, 10, 12, 11], "rotation": 180, "texture": "#0"},
				"east": {"uv": [11, 10, 12, 11], "rotation": 180, "texture": "#0"},
				"south": {"uv": [11, 11, 12, 10], "texture": "#0"},
				"west": {"uv": [11, 10, 12, 11], "rotation": 180, "texture": "#0"},
				"up": {"uv": [11, 10, 12, 11], "texture": "#0"},
				"down": {"uv": [12, 10, 11, 11], "rotation": 180, "texture": "#0"}
			}
		},
		{
			"name": "eternal_snow_m_60",
			"from": [12, 10, 7.5],
			"to": [13, 11, 8.5],
			"rotation": {"angle": 0, "axis": "x", "origin": [8, 8, 0.5]},
			"faces": {
				"north": {"uv": [12, 10, 13, 11], "rotation": 180, "texture": "#0"},
				"east": {"uv": [12, 10, 13, 11], "rotation": 180, "texture": "#0"},
				"south": {"uv": [12, 11, 13, 10], "texture": "#0"},
				"west": {"uv": [12, 10, 13, 11], "rotation": 180, "texture": "#0"},
				"up": {"uv": [12, 10, 13, 11], "texture": "#0"},
				"down": {"uv": [13, 10, 12, 11], "rotation": 180, "texture": "#0"}
			}
		},
		{
			"name": "eternal_snow_m_61",
			"from": [4, 11, 7.5],
			"to": [5, 12, 8.5],
			"rotation": {"angle": 0, "axis": "x", "origin": [8, 8, 0.5]},
			"faces": {
				"north": {"uv": [4, 11, 5, 12], "rotation": 180, "texture": "#0"},
				"east": {"uv": [4, 11, 5, 12], "rotation": 180, "texture": "#0"},
				"south": {"uv": [4, 12, 5, 11], "texture": "#0"},
				"west": {"uv": [4, 11, 5, 12], "rotation": 180, "texture": "#0"},
				"up": {"uv": [4, 11, 5, 12], "texture": "#0"},
				"down": {"uv": [5, 11, 4, 12], "rotation": 180, "texture": "#0"}
			}
		},
		{
			"name": "eternal_snow_m_62",
			"from": [5, 11, 7.5],
			"to": [6, 12, 8.5],
			"rotation": {"angle": 0, "axis": "x", "origin": [8, 8, 0.5]},
			"faces": {
				"north": {"uv": [5, 11, 6, 12], "rotation": 180, "texture": "#0"},
				"east": {"uv": [5, 11, 6, 12], "rotation": 180, "texture": "#0"},
				"south": {"uv": [5, 12, 6, 11], "texture": "#0"},
				"west": {"uv": [5, 11, 6, 12], "rotation": 180, "texture": "#0"},
				"up": {"uv": [5, 11, 6, 12], "texture": "#0"},
				"down": {"uv": [6, 11, 5, 12], "rotation": 180, "texture": "#0"}
			}
		},
		{
			"name": "eternal_snow_m_63",
			"from": [7, 11, 7.5],
			"to": [8, 12, 8.5],
			"rotation": {"angle": 0, "axis": "x", "origin": [8, 8, 0.5]},
			"faces": {
				"north": {"uv": [7, 11, 8, 12], "rotation": 180, "texture": "#0"},
				"east": {"uv": [7, 11, 8, 12], "rotation": 180, "texture": "#0"},
				"south": {"uv": [7, 12, 8, 11], "texture": "#0"},
				"west": {"uv": [7, 11, 8, 12], "rotation": 180, "texture": "#0"},
				"up": {"uv": [7, 11, 8, 12], "texture": "#0"},
				"down": {"uv": [8, 11, 7, 12], "rotation": 180, "texture": "#0"}
			}
		},
		{
			"name": "eternal_snow_m_64",
			"from": [8, 11, 7.5],
			"to": [9, 12, 8.5],
			"rotation": {"angle": 0, "axis": "x", "origin": [8, 8, 0.5]},
			"faces": {
				"north": {"uv": [8, 11, 9, 12], "rotation": 180, "texture": "#0"},
				"east": {"uv": [8, 11, 9, 12], "rotation": 180, "texture": "#0"},
				"south": {"uv": [8, 12, 9, 11], "texture": "#0"},
				"west": {"uv": [8, 11, 9, 12], "rotation": 180, "texture": "#0"},
				"up": {"uv": [8, 11, 9, 12], "texture": "#0"},
				"down": {"uv": [9, 11, 8, 12], "rotation": 180, "texture": "#0"}
			}
		},
		{
			"name": "eternal_snow_m_65",
			"from": [9, 11, 7.5],
			"to": [10, 12, 8.5],
			"rotation": {"angle": 0, "axis": "x", "origin": [8, 8, 0.5]},
			"faces": {
				"north": {"uv": [9, 11, 10, 12], "rotation": 180, "texture": "#0"},
				"east": {"uv": [9, 11, 10, 12], "rotation": 180, "texture": "#0"},
				"south": {"uv": [9, 12, 10, 11], "texture": "#0"},
				"west": {"uv": [9, 11, 10, 12], "rotation": 180, "texture": "#0"},
				"up": {"uv": [9, 11, 10, 12], "texture": "#0"},
				"down": {"uv": [10, 11, 9, 12], "rotation": 180, "texture": "#0"}
			}
		},
		{
			"name": "eternal_snow_m_66",
			"from": [11, 11, 7.5],
			"to": [12, 12, 8.5],
			"rotation": {"angle": 0, "axis": "x", "origin": [8, 8, 0.5]},
			"faces": {
				"north": {"uv": [11, 11, 12, 12], "rotation": 180, "texture": "#0"},
				"east": {"uv": [11, 11, 12, 12], "rotation": 180, "texture": "#0"},
				"south": {"uv": [11, 12, 12, 11], "texture": "#0"},
				"west": {"uv": [11, 11, 12, 12], "rotation": 180, "texture": "#0"},
				"up": {"uv": [11, 11, 12, 12], "texture": "#0"},
				"down": {"uv": [12, 11, 11, 12], "rotation": 180, "texture": "#0"}
			}
		},
		{
			"name": "eternal_snow_m_67",
			"from": [5, 12, 7.5],
			"to": [6, 13, 8.5],
			"rotation": {"angle": 0, "axis": "x", "origin": [8, 8, 0.5]},
			"faces": {
				"north": {"uv": [5, 12, 6, 13], "rotation": 180, "texture": "#0"},
				"east": {"uv": [5, 12, 6, 13], "rotation": 180, "texture": "#0"},
				"south": {"uv": [5, 13, 6, 12], "texture": "#0"},
				"west": {"uv": [5, 12, 6, 13], "rotation": 180, "texture": "#0"},
				"up": {"uv": [5, 12, 6, 13], "texture": "#0"},
				"down": {"uv": [6, 12, 5, 13], "rotation": 180, "texture": "#0"}
			}
		},
		{
			"name": "eternal_snow_m_68",
			"from": [8, 12, 7.5],
			"to": [9, 13, 8.5],
			"rotation": {"angle": 0, "axis": "x", "origin": [8, 8, 0.5]},
			"faces": {
				"north": {"uv": [8, 12, 9, 13], "rotation": 180, "texture": "#0"},
				"east": {"uv": [8, 12, 9, 13], "rotation": 180, "texture": "#0"},
				"south": {"uv": [8, 13, 9, 12], "texture": "#0"},
				"west": {"uv": [8, 12, 9, 13], "rotation": 180, "texture": "#0"},
				"up": {"uv": [8, 12, 9, 13], "texture": "#0"},
				"down": {"uv": [9, 12, 8, 13], "rotation": 180, "texture": "#0"}
			}
		},
		{
			"name": "eternal_snow_m_69",
			"from": [7, 13, 7.5],
			"to": [8, 14, 8.5],
			"rotation": {"angle": 0, "axis": "x", "origin": [8, 8, 0.5]},
			"faces": {
				"north": {"uv": [7, 13, 8, 14], "rotation": 180, "texture": "#0"},
				"east": {"uv": [7, 13, 8, 14], "rotation": 180, "texture": "#0"},
				"south": {"uv": [7, 14, 8, 13], "texture": "#0"},
				"west": {"uv": [7, 13, 8, 14], "rotation": 180, "texture": "#0"},
				"up": {"uv": [7, 13, 8, 14], "texture": "#0"},
				"down": {"uv": [8, 13, 7, 14], "rotation": 180, "texture": "#0"}
			}
		},
		{
			"name": "eternal_snow_m_70",
			"from": [8, 13, 7.5],
			"to": [9, 14, 8.5],
			"rotation": {"angle": 0, "axis": "x", "origin": [8, 8, 0.5]},
			"faces": {
				"north": {"uv": [8, 13, 9, 14], "rotation": 180, "texture": "#0"},
				"east": {"uv": [8, 13, 9, 14], "rotation": 180, "texture": "#0"},
				"south": {"uv": [8, 14, 9, 13], "texture": "#0"},
				"west": {"uv": [8, 13, 9, 14], "rotation": 180, "texture": "#0"},
				"up": {"uv": [8, 13, 9, 14], "texture": "#0"},
				"down": {"uv": [9, 13, 8, 14], "rotation": 180, "texture": "#0"}
			}
		},
		{
			"name": "eternal_snow_m_71",
			"from": [9, 13, 7.5],
			"to": [10, 14, 8.5],
			"rotation": {"angle": 0, "axis": "x", "origin": [8, 8, 0.5]},
			"faces": {
				"north": {"uv": [9, 13, 10, 14], "rotation": 180, "texture": "#0"},
				"east": {"uv": [9, 13, 10, 14], "rotation": 180, "texture": "#0"},
				"south": {"uv": [9, 14, 10, 13], "texture": "#0"},
				"west": {"uv": [9, 13, 10, 14], "rotation": 180, "texture": "#0"},
				"up": {"uv": [9, 13, 10, 14], "texture": "#0"},
				"down": {"uv": [10, 13, 9, 14], "rotation": 180, "texture": "#0"}
			}
		},
		{
			"name": "eternal_snow_m_72",
			"from": [6, 14, 7.5],
			"to": [7, 15, 8.5],
			"rotation": {"angle": 0, "axis": "x", "origin": [8, 8, 0.5]},
			"faces": {
				"north": {"uv": [6, 14, 7, 15], "rotation": 180, "texture": "#0"},
				"east": {"uv": [6, 14, 7, 15], "rotation": 180, "texture": "#0"},
				"south": {"uv": [6, 15, 7, 14], "texture": "#0"},
				"west": {"uv": [6, 14, 7, 15], "rotation": 180, "texture": "#0"},
				"up": {"uv": [6, 14, 7, 15], "texture": "#0"},
				"down": {"uv": [7, 14, 6, 15], "rotation": 180, "texture": "#0"}
			}
		},
		{
			"name": "eternal_snow_m_73",
			"from": [8, 14, 7.5],
			"to": [9, 15, 8.5],
			"rotation": {"angle": 0, "axis": "x", "origin": [8, 8, 0.5]},
			"faces": {
				"north": {"uv": [8, 14, 9, 15], "rotation": 180, "texture": "#0"},
				"east": {"uv": [8, 14, 9, 15], "rotation": 180, "texture": "#0"},
				"south": {"uv": [8, 15, 9, 14], "texture": "#0"},
				"west": {"uv": [8, 14, 9, 15], "rotation": 180, "texture": "#0"},
				"up": {"uv": [8, 14, 9, 15], "texture": "#0"},
				"down": {"uv": [9, 14, 8, 15], "rotation": 180, "texture": "#0"}
			}
		},
		{
			"name": "eternal_snow_m_74",
			"from": [10, 14, 7.5],
			"to": [11, 15, 8.5],
			"rotation": {"angle": 0, "axis": "x", "origin": [8, 8, 0.5]},
			"faces": {
				"north": {"uv": [10, 14, 11, 15], "rotation": 180, "texture": "#0"},
				"east": {"uv": [10, 14, 11, 15], "rotation": 180, "texture": "#0"},
				"south": {"uv": [10, 15, 11, 14], "texture": "#0"},
				"west": {"uv": [10, 14, 11, 15], "rotation": 180, "texture": "#0"},
				"up": {"uv": [10, 14, 11, 15], "texture": "#0"},
				"down": {"uv": [11, 14, 10, 15], "rotation": 180, "texture": "#0"}
			}
		},
		{
			"name": "eternal_snow_m_75",
			"from": [8, 15, 7.5],
			"to": [9, 16, 8.5],
			"rotation": {"angle": 0, "axis": "x", "origin": [8, 8, 0.5]},
			"faces": {
				"north": {"uv": [8, 15, 9, 16], "rotation": 180, "texture": "#0"},
				"east": {"uv": [8, 15, 9, 16], "rotation": 180, "texture": "#0"},
				"south": {"uv": [8, 16, 9, 15], "texture": "#0"},
				"west": {"uv": [8, 15, 9, 16], "rotation": 180, "texture": "#0"},
				"up": {"uv": [8, 15, 9, 16], "texture": "#0"},
				"down": {"uv": [9, 15, 8, 16], "rotation": 180, "texture": "#0"}
			}
		}
	],
	"display": {
		"thirdperson_righthand": {
			"translation": [0, 3, 0.5],
			"scale": [0.25, 0.25, 0.25]
		},
		"thirdperson_lefthand": {
			"translation": [0, 3, 0.5],
			"scale": [0.25, 0.25, 0.25]
		},
		"firstperson_righthand": {
			"rotation": [-14.5, -25.25, 9],
			"translation": [0.75, 1.5, 0]
		},
		"firstperson_lefthand": {
			"rotation": [-14.5, -25.25, 0],
			"translation": [0.75, 1.5, 0]
		},
		"ground": {
			"scale": [0.5, 0.5, 0.5]
		},
		"gui": {
			"rotation": [15, 25, 0],
			"scale": [0.9, 0.9, 0.9]
		},
		"head": {
			"rotation": [-90, 0, 0],
			"translation": [0, 10, 0],
			"scale": [1.5, 1.5, 1.5]
		},
		"fixed": {
			"rotation": [90, 0, 0],
			"translation": [0, 0, -8]
		}
	},
	"groups": [
		{
			"name": "eternal_snow_m",
			"origin": [8, 8, 8],
			"children": [0, 1, 2, 3, 4, 5, 6, 7, 8, 9, 10, 11, 12, 13, 14, 15, 16, 17, 18, 19, 20, 21, 22, 23, 24, 25, 26, 27, 28, 29, 30, 31, 32, 33, 34, 35, 36, 37, 38, 39, 40, 41, 42, 43, 44, 45, 46, 47, 48, 49, 50, 51, 52, 53, 54, 55, 56, 57, 58, 59, 60, 61, 62, 63, 64, 65, 66, 67, 68, 69, 70, 71, 72, 73, 74, 75]
		}
	]
}