{
	"credit": "Made with Blockbench",
	"textures": {
		"0": "custom/gift_texture",
		"particle": "custom/gift_texture"
	},
	"elements": [
		{
			"from": [3, 0, 3],
			"to": [13, 8, 13],
			"faces": {
				"north": {"uv": [0, 0, 10, 8], "texture": "#0"},
				"east": {"uv": [0, 0, 10, 8], "texture": "#0"},
				"south": {"uv": [0, 0, 10, 8], "texture": "#0"},
				"west": {"uv": [0, 0, 10, 8], "texture": "#0"},
				"up": {"uv": [0, 0, 10, 10], "texture": "#0"},
				"down": {"uv": [0, 0, 10, 10], "texture": "#0"}
			}
		},
		{
			"from": [2.9, -0.1, 7.5],
			"to": [13.1, 8.1, 8.5],
			"faces": {
				"north": {"uv": [10, 0, 11, 8], "texture": "#0"},
				"east": {"uv": [10, 0, 11, 8], "texture": "#0"},
				"south": {"uv": [10, 0, 11, 8], "texture": "#0"},
				"west": {"uv": [10, 0, 11, 8], "texture": "#0"},
				"up": {"uv": [10, 0, 11, 16], "rotation": 90, "texture": "#0"},
				"down": {"uv": [10, 0, 11, 16], "rotation": 90, "texture": "#0"}
			}
		},
		{
			"from": [7.5, -0.1, 2.9],
			"to": [8.5, 8.1, 7.5],
			"faces": {
				"north": {"uv": [10, 0, 11, 8.2], "texture": "#0"},
				"east": {"uv": [10, 0, 11, 8.2], "texture": "#0"},
				"south": {"uv": [10, 0, 11, 8.2], "texture": "#0"},
				"west": {"uv": [10, 0, 11, 8.2], "texture": "#0"},
				"up": {"uv": [10, 0, 11, 8.2], "texture": "#0"},
				"down": {"uv": [10, 0, 11, 8.2], "rotation": 180, "texture": "#0"}
			}
		},
		{
			"from": [7.5, -0.1, 8.5],
			"to": [8.5, 8.1, 13.1],
			"faces": {
				"north": {"uv": [10, 0, 11, 8.2], "texture": "#0"},
				"east": {"uv": [10, 0, 11, 8.2], "texture": "#0"},
				"south": {"uv": [10, 0, 11, 8.2], "texture": "#0"},
				"west": {"uv": [10, 0, 11, 8.2], "texture": "#0"},
				"up": {"uv": [10, 0, 11, 8.2], "rotation": 180, "texture": "#0"},
				"down": {"uv": [10, 0, 11, 8.2], "texture": "#0"}
			}
		},
		{
			"from": [5, 8, 8],
			"to": [11, 12, 8],
			"rotation": {"angle": 45, "axis": "y", "origin": [8, 9.5, 8]},
			"faces": {
				"north": {"uv": [1, 12, 7, 16], "texture": "#0"},
				"east": {"uv": [1, 12, 7, 16], "texture": "#0"},
				"south": {"uv": [1, 12, 7, 16], "texture": "#0"},
				"west": {"uv": [1, 12, 7, 16], "texture": "#0"},
				"up": {"uv": [1, 12, 7, 16], "texture": "#0"},
				"down": {"uv": [1, 12, 7, 16], "texture": "#0"}
			}
		},
		{
			"from": [5, 8, 8],
			"to": [11, 12, 8],
			"rotation": {"angle": -45, "axis": "y", "origin": [8, 9.5, 8]},
			"faces": {
				"north": {"uv": [1, 12, 7, 16], "texture": "#0"},
				"east": {"uv": [1, 12, 7, 16], "texture": "#0"},
				"south": {"uv": [1, 12, 7, 16], "texture": "#0"},
				"west": {"uv": [1, 12, 7, 16], "texture": "#0"},
				"up": {"uv": [1, 12, 7, 16], "texture": "#0"},
				"down": {"uv": [1, 12, 7, 16], "texture": "#0"}
			}
		}
	],
	"display": {
		"thirdperson_righthand": {
			"rotation": [60, 45, 0],
			"translation": [0.25, 1.5, 0.25],
			"scale": [0.3, 0.3, 0.3]
		},
		"thirdperson_lefthand": {
			"rotation": [60, 45, 0],
			"translation": [0.25, 1.5, 0.25],
			"scale": [0.3, 0.3, 0.3]
		},
		"firstperson_righthand": {
			"translation": [1.25, 1.25, 0]
		},
		"firstperson_lefthand": {
			"translation": [1.25, 1.25, 0]
		},
		"ground": {
			"translation": [0, 3, 0],
			"scale": [0.5, 0.5, 0.5]
		},
		"gui": {
			"rotation": [35, 45, 0],
			"translation": [0, 2.75, 0]
		},
		"head": {
			"translation": [0, 10.25, 0],
			"scale": [0.5, 0.5, 0.5]
		},
		"fixed": {
			"rotation": [-90, 0, 0],
			"translation": [0, 0, -8]
		}
	}
}