{
	"credit": "Made with Blockbench",
	"parent": "minecraft:block/all",
	"textures": {
		"0": "block/oak_lichen_1",
		"1": "block/oak_lichen_2",
		"2": "block/oak_log",
		"3": "block/oak_log_top",
		"particle": "block/oak_lichen_1"
	},
	"elements": [
		{
			"from": [0, 0, 0],
			"to": [16, 16, 16],
			"faces": {
				"north": {"uv": [0, 0, 16, 16], "texture": "#2"},
				"east": {"uv": [0, 0, 16, 16], "texture": "#1"},
				"south": {"uv": [0, 0, 16, 16], "texture": "#0"},
				"west": {"uv": [0, 0, 16, 16], "texture": "#2"},
				"up": {"uv": [0, 0, 16, 16], "texture": "#3"},
				"down": {"uv": [0, 0, 16, 16], "texture": "#3"}
			}
		}
	]
}