{
    "parent": "item/generated",
    "textures": {
        "layer0": "item/leather"
    },
"overrides":
[
{"predicate": {"custom_model_data":101}, "model": "custom/accessories/smol_snowman"},
{"predicate": {"custom_model_data":102}, "model": "custom/accessories/snowhead"},
{"predicate": {"custom_model_data":104}, "model": "custom/accessories/smallpresent"},
{"predicate": {"custom_model_data":105}, "model": "custom/accessories/bigpresent"},
{"predicate": {"custom_model_data":1031}, "model": "custom/accessories/santahats/redhat"},
{"predicate": {"custom_model_data":1032}, "model": "custom/accessories/santahats/limehat"},
{"predicate": {"custom_model_data":1033}, "model": "custom/accessories/santahats/lightbluehat"},
{"predicate": {"custom_model_data":1034}, "model": "custom/accessories/santahats/pinkhat"}
]
}
