{
    "variants": {
        "distance=1": [
			{ "model": "block/pear_leaves_flowers_2" }
				],
        "distance=2": [
			{ "model": "block/pear_leaves_flowers_2" }
				],
        "distance=3": [
			{ "model": "block/pear_leaves_flowers_2" }
				],
        "distance=4": [
			{ "model": "block/pear_leaves_flowers_2" }
				],
        "distance=5": [
			{ "model": "block/pear_leaves_flowers_2" }
				],
        "distance=6": [
			{ "model": "block/pear_leaves_flowers_2" }
				],
        "distance=7": [
			{ "model": "block/pear_leaves_flowers_2" }
				]
    }
}
