{
    "variants": {
        "facing=up": [{ "model": "block/end_rod" }, { "model": "block/end_rod1" }, { "model": "block/end_rod1", "y": 90}, { "model": "block/end_rod1", "y": 180}, { "model": "block/end_rod1", "y": 270}],
        "facing=down": [{ "model": "block/end_rod", "x": 180}, { "model": "block/end_rod1", "x": 180}, { "model": "block/end_rod1", "y": 90, "x": 180}, { "model": "block/end_rod1", "y": 180, "x": 180}, { "model": "block/end_rod1", "y": 270, "x": 180}],
        "facing=east": { "model": "custom/christmas_lights", "y": 270},
        "facing=south": { "model": "custom/christmas_lights", "y": 0},
        "facing=west": { "model": "custom/christmas_lights", "y": 90},
        "facing=north": { "model": "custom/christmas_lights", "y": 180}
    }
}
